<?xml version="1.0" encoding="UTF-8"?>
<beans xmlns:xsi="http://www.w3.org/2001/XMLSchema-instance"
       xmlns:dubbo="http://dubbo.apache.org/schema/dubbo"
       xmlns="http://www.springframework.org/schema/beans"
       xmlns:context="http://www.springframework.org/schema/context"
       xmlns:mvc="http://www.springframework.org/schema/mvc"
       xsi:schemaLocation="http://www.springframework.org/schema/beans http://www.springframework.org/schema/beans/spring-beans.xsd
       http://dubbo.apache.org/schema/dubbo http://dubbo.apache.org/schema/dubbo/dubbo.xsd http://www.springframework.org/schema/context http://www.springframework.org/schema/context/spring-context.xsd http://www.springframework.org/schema/mvc http://www.springframework.org/schema/mvc/spring-mvc.xsd">

    <context:component-scan base-package="com.alibaba.edas"/>

    <mvc:annotation-driven>
        <mvc:message-converters register-defaults="true">
            <bean class="org.springframework.http.converter.StringHttpMessageConverter">
                <property name="supportedMediaTypes" value="text/html;charset=UTF-8"/>
            </bean>
        </mvc:message-converters>
    </mvc:annotation-driven>

    <dubbo:annotation package="com.alibaba.edas"/>

    <dubbo:application name="dubbo-provider"/>

    <dubbo:registry protocol="nacos" address="127.0.0.1:8848"/>

    <dubbo:protocol name="dubbo" port="20880" threads="100"/>

    <mvc:resources mapping="/**" location="/WEB-INF/static/"/>

    <mvc:default-servlet-handler/>

</beans>
