<assembly>
    <id>bin</id>
    <!-- 指定压缩格式-->
    <formats>
        <format>tar.gz</format>
    </formats>

    <fileSets>
        <!--
            Adds startup scripts to the root directory of zip package. The startup
            scripts are copied from the src/main/scripts directory.
        -->
        <fileSet>
            <directory>src/main/bin</directory>
            <outputDirectory>bin</outputDirectory>
            <includes>
                <include>*</include>
            </includes>
            <fileMode>0755</fileMode>
        </fileSet>

        <fileSet>
            <directory>target</directory>
            <outputDirectory>lib</outputDirectory>
            <includes>
                <include>${project.build.finalName}.jar</include>
            </includes>
        </fileSet>

        <fileSet>
            <directory>src/main/config/${profile-id}</directory>
            <outputDirectory>conf</outputDirectory>
        </fileSet>

        <!--配置文件-->
        <fileSet>
            <directory>src/main/resources</directory>
            <outputDirectory>conf</outputDirectory>
        </fileSet>

        <fileSet>
            <directory>target</directory>
            <outputDirectory>pids</outputDirectory>
            <excludes>
                <exclude>**/*</exclude>
            </excludes>
        </fileSet>

        <fileSet>
            <directory>target</directory>
            <outputDirectory>logs</outputDirectory>
            <excludes>
                <exclude>**/*</exclude>
            </excludes>
        </fileSet>

    </fileSets>
</assembly>
